[
  {
    "anime": "Yahari Ore No Seishun Love Come Wa Machigatteiru",
    "character": "Hachiman Hikigaya",
    "quote": "Forcing yourself to like something you don't like brings sorrow."
  },
  {
    "anime": "Gintama",
    "character": "Gintoki Sakata",
    "quote": "Blah, blah, blah, blah… quit your blabbering. Look at this. [holds up an empty glass] Thanks to you assholes, my chocolate parfait [hits one of the amanto with his bokuto] fell to the ground!"
  },
  {
    "anime": "Death Note",
    "character": "Mello",
    "quote": "It's time I started living my own life."
  },
  {
    "anime": "Death Note",
    "character": "Ryuk",
    "quote": "All humans die the same, the place they go after death isn't decided upon by a god it is Mu (nothingness)."
  },
  {
    "anime": "Ao Haru Ride",
    "character": "Shuuko Murao",
    "quote": "If you still love her, I can't help that, but don't meddle with her half-heartedly. If you can surpress your feelings, then leave it."
  },
  {
    "anime": "Gintama",
    "character": "Gintoki Sakata",
    "quote": "Happiness depends on each person. If you think you're happy, then you must be happy."
  },
  {
    "anime": "Dragon Ball",
    "character": "Master Roshi",
    "quote": "(Master Roshi is reaching for Launch's buttocks as Krillin barges in and makes him angry) Do you time this?"
  },
  {
    "anime": "Youjo Senki",
    "character": "Tanya Degurechaff",
    "quote": "You should try persuasion when people are mentally defenseless. The fascist who proposed that was a demonic genius."
  },
  {
    "anime": "Shinsekai Yori",
    "character": "Shinsekai Yori",
    "quote": "The power of imagination is what changes everything."
  },
  {
    "anime": "Toradora!",
    "character": "Taiga Aisaka",
    "quote": "Well, I'd better get back to my seat. The unmarried woman with her unmarried face is about to come to start the unmarried homeroom."
  }
]
